{
	"info": {
		"_postman_id": "a98dbf42-8261-4505-9145-e800a978da4e",
		"name": "StargateTemplates",
		"schema": "https://schema.getpostman.com/json/collection/v2.1.0/collection.json"
	},
	"item": [
		{
			"name": "StargateOAuthTokenGeneration-StageDMZ",
			"request": {
				"auth": {
					"type": "noauth"
				},
				"method": "POST",
				"header": [
					{
						"key": "Content-Type",
						"name": "Content-Type",
						"value": "application/json",
						"type": "text"
					}
				],
				"body": {
					"mode": "urlencoded",
					"urlencoded": [
						{
							"key": "{",
							"value": "",
							"type": "text"
						},
						{
							"key": "\"client_id\"",
							"value": " \"xxxxxxxxxxxxxxxxxxxxxxxxxxxxxxxx\",",
							"type": "text"
						},
						{
							"key": "\"client_secret\"",
							"value": " \"xxxxxxxxxxxxxxxxxxxxxxxxxxxxxxxx\",",
							"type": "text"
						},
						{
							"key": "\"grant_type\"",
							"value": " \"client_credentials\"",
							"type": "text"
						},
						{
							"key": "}",
							"value": "",
							"type": "text"
						}
					]
				},
				"url": {
					"raw": "https://gateway-stage.optum.com/auth/oauth2/cached/token?grant_type=client_credentials&client_id=xxxxxxxxxxxxxxxxxxxxxxxxxxxxxxxx&client_secret=xxxxxxxxxxxxxxxxxxxxxxxxxxxxxxxx",
					"protocol": "https",
					"host": [
						"gateway-stage",
						"optum",
						"com"
					],
					"path": [
						"auth",
						"oauth2",
						"cached",
						"token"
					],
					"query": [
						{
							"key": "grant_type",
							"value": "client_credentials"
						},
						{
							"key": "client_id",
							"value": "xxxxxxxxxxxxxxxxxxxxxxxxxxxxxxxx"
						},
						{
							"key": "client_secret",
							"value": "xxxxxxxxxxxxxxxxxxxxxxxxxxxxxxxx"
						}
					]
				}
			},
			"response": [
				{
					"name": "StargateOAuth",
					"originalRequest": {
						"method": "POST",
						"header": [],
						"body": {
							"mode": "urlencoded",
							"urlencoded": [
								{
									"key": "{",
									"value": "",
									"type": "text"
								},
								{
									"key": "\"client_id\"",
									"value": " \"xxxxxxxxxxxxxxxxxxxxxxxxxxxxxxxx\",",
									"type": "text"
								},
								{
									"key": "\"client_secret\"",
									"value": " \"xxxxxxxxxxxxxxxxxxxxxxxxxxxxxxxx\",",
									"type": "text"
								},
								{
									"key": "\"grant_type\"",
									"value": " \"client_credentials\"",
									"type": "text"
								},
								{
									"key": "}",
									"value": "",
									"type": "text"
								}
							]
						},
						"url": {
							"raw": "https://gateway-stage.optum.com/auth/oauth2/cached/token?grant_type=client_credentials&client_id=xxxxxxxxxxxxxxxxxxxxxxxxxxxxxxxx&client_secret=xxxxxxxxxxxxxxxxxxxxxxxxxxxxxxxx",
							"protocol": "https",
							"host": [
								"gateway-stage",
								"optum",
								"com"
							],
							"path": [
								"auth",
								"oauth2",
								"cached",
								"token"
							],
							"query": [
								{
									"key": "grant_type",
									"value": "client_credentials"
								},
								{
									"key": "client_id",
									"value": "xxxxxxxxxxxxxxxxxxxxxxxxxxxxxxxx"
								},
								{
									"key": "client_secret",
									"value": "xxxxxxxxxxxxxxxxxxxxxxxxxxxxxxxx"
								}
							]
						}
					},
					"_postman_previewlanguage": "Text",
					"header": [],
					"cookie": [],
					"body": ""
				}
			]
		},
		{
			"name": "StargateOAuthAPICall-StageDMZ",
			"request": {
				"method": "POST",
				"header": [
					{
						"key": "Authorization",
						"value": "Bearer v2tamWDrw6hOTgm0sMzfye2LFCu2ymQe",
						"type": "text"
					}
				],
				"url": {
					"raw": "https://gateway-stage.optum.com/api/gateway/perf/test",
					"protocol": "https",
					"host": [
						"gateway-stage",
						"optum",
						"com"
					],
					"path": [
						"api",
						"gateway",
						"perf",
						"test"
					]
				}
			},
			"response": []
		},
		{
			"name": "StargateJWTAPICall-StageDMZ",
			"request": {
				"method": "GET",
				"header": [
					{
						"key": "Authorization",
						"value": "Bearer eyJhbGciOiJIUzI1NiIsInR5cCI6IkpXVCJ9.eyJpc3MiOiJTNHJpWXJTUVBqRzIwMUZwQmdNZUxjQ3ppZnZ0TjRtTiIsImV4cCI6MTU2NzAwMDY4MH0.6z-IrHi7qoZRygauJJdCbifUPf7BgAjMg2Ip-F6CUdo",
						"type": "text"
					}
				],
				"url": {
					"raw": "https://gateway-stage.optum.com/api/gateway/jwt/test",
					"protocol": "https",
					"host": [
						"gateway-stage",
						"optum",
						"com"
					],
					"path": [
						"api",
						"gateway",
						"jwt",
						"test"
					]
				}
			},
			"response": []
		}
	]
}
